Name,RAJ2000,DEJ2000,Maj. Diam (arcmin),Bmag,Kmag,HRV (km/s),D (Mpc),Maj. Diam (kpc),inclination,BMag
Segue 1,151.7633333,16.07361111,7,16.21,11.98,206,0.02,0.05,90,-0.7
Segue 3,320.3791667,19.11722222,1.3,15.9,11.43,,0.02,0.01,58,-0.6
Sag dSph,283.7629167,-30.47833333,446.68,4.5,-0.2,140,0.02,3.08,90,-12.7
Segue 2,34.81666667,20.17527778,5.4,16.2,11.36,-39,0.03,0.07,39,-2.3
UMa II,132.875,63.13,25.3,14.8,10.35,-116,0.03,0.25,80,-3.1
Willman1,162.3375,51.05,3.7,16.04,11.89,-12,0.04,0.04,74,-1.9
BootesII,209.5,12.83333333,6.7,16.32,12.15,-117,0.04,0.08,51,-1.9
ComaI,186.7458333,23.90416667,9.5,14.98,10.81,98,0.04,0.12,66,-3.2
BootesIII,209.2808333,26.775,56,12.6,8.41,198,0.05,0.77,64,-5.9
LMC,80.89416667,-69.75611111,645.65,0.91,-1.75,278,0.05,10.06,35,-17.9
UMin,227.2970833,67.21444444,30.2,11.9,7.67,-255,0.06,0.53,90,-7.1
SMC,13.15833333,-72.80027778,380.19,2.7,0.16,158,0.06,7.09,58,-16.5
BootesI,210,14.5,20,13.66,9.49,99,0.07,0.38,64,-5.5
Draco,260.0058333,57.90944444,35.48,10.9,6.69,-296,0.08,0.84,59,-8.7
SexDSph,153.2625,-1.614444444,30.2,11.3,7.01,227,0.09,0.83,64,-8.7
Sculptor,15.03916667,-33.70916667,39.81,10.05,5.9,105,0.09,1.04,60,-9.8
UMa I,158.72,51.92,18,15.29,11.12,-55,0.1,0.5,90,-4.8
Carina,100.4029167,-50.96611111,24.55,11.3,6.95,224,0.1,0.76,62,-9
Fornax,39.97791667,-34.52583333,17.78,9.28,5.13,29,0.14,0.72,58,-11.5
Hercules,247.7583333,12.79166667,13.5,15,10.66,45,0.15,0.6,90,-6.1
CVnII,194.2916667,34.32083333,2.5,16.95,12.81,-129,0.16,0.11,70,-4.1
LeoIV,173.2375,-0.533333333,7.3,16.9,12.7,132,0.16,0.34,48,-4.2
PiscesII,344.6291667,5.9525,1.8,17.2,12.84,,0.18,0.1,59,-4.4
LeoV,172.79,2.22,4.1,17.6,13.39,173,0.18,0.21,90,-3.8
LeoII,168.3716667,22.15472222,12.02,12.61,8.45,86,0.21,0.75,36,-9.1
CVnI,202.0145833,33.55583333,14.3,13.94,9.79,31,0.22,0.93,70,-7.9
LeoI,152.1120833,12.30805556,9.77,11.18,6.93,283,0.25,0.73,42,-11
LeoT,143.7225,17.05138889,2.09,16.5,14.03,39,0.42,0.26,51,-6.7
Phoenix,27.77625,-44.44472222,5.5,13.72,11.31,-52,0.44,0.71,35,-9.6
MESSIER032,10.67541667,40.86638889,8.91,8.89,5.1,-202,0.49,1.33,53,-14.8
NGC6822,296.2404167,-14.80305556,19.05,9.31,6,-57,0.5,3.44,33,-15.2
And XVI,14.87416667,32.37666667,1.78,15.7,11.33,-385,0.52,0.29,31,-8.2
And XXIV,19.625,46.36611111,3.3,17.2,12.78,-128,0.6,0.63,52,-7
NGC0185,9.741666667,48.33611111,12.3,9.99,6.56,-203,0.61,2.76,39,-14.7
Bol520,12.67666667,32.91638889,0.2,16.28,13.31,-312,0.63,0.04,33,-8.1
And X,16.64041667,44.80444444,2.1,16.7,12.1,-164,0.63,0.45,79,-7.9
And II,19.12416667,33.41916667,2.82,15.1,10.75,-194,0.65,0.57,45,-9.2
And XXVIII,338.1716667,31.21611111,1.7,16.7,12.27,,0.65,0.34,56,-7.7
LGS 3,15.97916667,21.885,2.4,15,12.49,-286,0.65,0.46,64,-9.3
IC0010,5.102083333,59.29166667,6.76,11.78,6.51,-346,0.66,2.85,33,-16
And XXX,9.145416667,49.64666667,,,,-141,0.68,,,
And XIV,12.89583333,29.69694444,2.7,16.9,12.56,-481,0.73,0.61,60,-7.7
And XXIII,22.34083333,38.71888889,7.3,15.1,10.74,-243,0.73,1.65,71,-9.5
And XI,11.58333333,33.80138889,1.1,18.5,14.08,-419,0.73,0.26,39,-6.2
And I,11.41666667,38.03722222,2.88,13.9,9.59,-376,0.73,0.65,48,-10.7
IC1613,16.19916667,2.133333333,19.05,9.88,7.43,-232,0.73,4.11,29,-14.5
And XXIX,359.7316667,30.75555556,2.7,17,12.72,,0.73,0.59,60,-7.5
And XVII,9.279166667,44.32222222,1.9,17.7,13.31,-251,0.74,0.44,43,-7
And III,8.890833333,36.49777778,3.63,15.2,11.01,-346,0.75,0.79,90,-9.3
And XV,18.57791667,38.1175,1.9,15.9,11.62,-323,0.76,0.44,39,-8.7
NGC0147,8.298333333,48.50777778,13.49,10.36,7.2,-193,0.76,3.63,70,-14.8
And XXVI,5.94,47.91611111,1.6,18.4,13.88,-261,0.76,0.4,52,-6.5
Pegasus,352.1420833,14.74666667,5.5,13.21,9.87,-184,0.76,1.26,68,-11.5
MESSIER031,10.68541667,41.26916667,190.55,4.29,0.99,-296,0.77,43.45,78,-21.4
Cetus,6.545833333,-11.04444444,4.79,14.4,10.19,-87,0.78,1.1,55,-10.2
And XXII,21.91666667,28.09027778,1.4,18.8,14.4,-127,0.79,0.35,90,-6
And IX,13.22,43.2,4,16.7,12.3,-216,0.79,1,52,-8.1
Cas dSph,351.6325,50.67555556,3.02,13.65,8.79,-307,0.79,0.89,36,-11.7
And XX,1.877916667,35.13222222,0.8,19,14.67,-456,0.8,0.2,58,-5.8
And XXV,7.537083333,46.85194444,4.8,15.9,11.42,-108,0.81,1.27,52,-9.1
And V,17.57125,47.62805556,2.4,15.92,11.33,-403,0.81,0.66,43,-9.2
LeoA,149.86,30.74638889,5.75,12.92,10.49,24,0.81,1.35,61,-11.7
NGC0205,10.09375,41.68638889,19.5,8.72,5.59,-221,0.82,4.92,64,-16.1
Peg dSph,357.9433333,24.58611111,3.98,14.17,9.81,-345,0.82,1,73,-10.7
And XII,11.8625,34.37472222,1.9,18.7,14.15,-556,0.83,0.53,31,-6.4
And XXVII,9.362916667,45.38694444,2.8,17.6,13.19,-535,0.83,0.73,71,-7.3
And XIII,12.9625,33.00444444,1.3,18.2,13.78,-195,0.84,0.35,52,-6.8
MESSIER033,23.46166667,30.66027778,69.18,6.27,4.1,-182,0.85,17.38,54,-18.8
And XXI,358.69875,42.47083333,5.5,15.8,11.33,-361,0.86,1.53,45,-9.3
Tucana,340.4541667,-64.42,2.88,15.7,11.47,194,0.88,0.73,90,-9.2
And XIX,4.88375,35.04361111,6.2,16.8,12.45,-111,0.93,1.81,41,-8.3
DDO210,311.7158333,-12.84805556,2.63,14,11.29,-140,0.94,0.73,72,-11.1
WLM,0.492083333,-15.46111111,11.48,11.03,9,-122,0.97,3.21,90,-14.1
Sag dIr,292.4958333,-17.67805556,2.88,14.12,12.13,-79,1.04,0.97,50,-11.5
SexA,152.7533333,-4.692777778,5.89,11.86,10.18,324,1.32,2.34,38,-13.9
Antlia,151.0166667,-27.33194444,2,16.19,12.73,362,1.32,0.81,47,-9.8
NGC3109,150.78,-26.16,19.95,10.39,7.5,403,1.32,7.66,83,-15.7
And XVIII,0.560416667,45.08888889,1.4,17,12.49,-332,1.36,0.63,10,-9.1
UGC04879,139.0091667,52.84,3.24,13.8,11.5,-25,1.36,1.27,66,-11.9
SexB,150.0004167,5.332222222,6.03,11.85,9.5,300,1.36,2.41,53,-14
HIZSS003,105.1220833,-4.208333333,0.5,18,11.39,298,1.67,0.66,62,-12.8
KKR25,243.4483333,54.37111111,1.1,17,12.86,-79,1.86,0.59,63,-9.4
ESO410-005,3.880833333,-32.18,1.62,14.9,12.5,36,1.92,0.91,45,-11.6
ESO294-010,6.63875,-41.85555556,1.51,15.53,14.08,107,1.92,0.84,58,-10.9
IC5152,330.6745833,-51.29527778,7.08,11.03,7.97,122,1.97,4.07,60,-15.6
UGC08245,197.1425,78.93694444,2.14,14.75,12.2,-58,1.99,1.23,90,-11.9
LeoP,155.4379167,18.08805556,0.55,17.2,14.75,262,2,0.32,68,-9.4
KK258,340.1829167,-30.79972222,1.7,16.3,12.15,,2,0.98,90,-10.3
GR8,194.6683333,14.2175,1.66,14.79,12.9,217,2.13,1.05,27,-12
NGC0055,3.785416667,-39.22027778,37.15,8.84,6.25,129,2.13,21.71,84,-18.4
KK230,211.7945833,35.06027778,0.76,17.5,14.55,63,2.14,0.47,38,-9.2
NGC0300,13.72291667,-37.6825,25.7,8.95,6.38,146,2.15,16.05,45,-17.9
UGCA438,351.6145833,-32.39055556,2.14,13.89,11.04,62,2.18,1.36,41,-12.9
DDO187,213.9854167,23.05527778,1.7,14.38,12.46,160,2.2,1.1,46,-12.4
IC3104,184.6920833,-79.72611111,3.72,13.65,9.26,429,2.27,3.44,76,-14.8
IC4662,266.77625,-64.64027778,2.82,11.74,8.53,302,2.44,2.09,65,-15.5
KKH98,356.3916667,38.71777778,1.05,16.7,13.82,-132,2.45,0.82,67,-10.8
KKH86,208.64,4.243055556,0.85,16.88,14.09,287,2.59,0.65,51,-10.3
DDO099,177.7208333,38.88055556,4.27,13.7,11.86,251,2.64,3.23,90,-13.5
LV J1213+2957,183.4516667,29.95888889,0.47,17.4,14.98,225,2.68,0.37,51,-9.8
UGC08508,202.685,54.91,2.14,14.12,11.57,56,2.69,1.66,63,-13.1
UGC06757,176.74625,61.335,1.1,16.3,13.82,82,2.73,0.88,67,-11
DDO190,216.18125,44.52583333,2.4,13.1,10.72,150,2.74,1.92,30,-14.1
DDO125,186.9241667,43.49388889,3.89,12.95,10.23,206,2.74,3.09,66,-14.3
Dw1,44.23375,58.91166667,2,15.01,5.17,112,2.8,6.3,52,-18.8
Maffei2,40.47708333,59.60305556,3.8,14.77,4.5,-15,2.8,14.28,63,-20.1
NGC4190,183.4358333,36.63333333,2.14,13.5,10.79,235,2.82,1.79,32,-13.9
KDG090,183.74125,36.21888889,1.55,15.86,13.43,,2.86,1.31,33,-11.5
NGC4214,183.9120833,36.3275,8.51,10.24,8.14,291,2.94,7.34,39,-17.2
NGC4163,183.0370833,36.16944444,2.19,13.63,10.88,162,2.94,1.89,37,-13.8
UGCA086,59.95625,67.12527778,4.47,13.5,8.17,72,2.96,9.14,47,-17.9
KKH11,36.14583333,56.01166667,1.66,16.2,11.74,296,3,2.24,68,-13.3
KKH12,36.8625,57.48777778,1.7,17.8,11.79,70,3,2.97,90,-13
MB3,43.93166667,58.86166667,1.58,19.38,10.93,59,3,4.47,90,-13.7
Dw2,43.53541667,59.00527778,1,17.97,10.22,94,3,2.55,90,-14.6
MB1,38.89833333,59.37972222,1.07,17.8,10.46,190,3,2.25,87,-13.8
HIZSS021,116.56875,-28.46972222,0.8,17.5,11.13,494,3,1.76,57,-14.3
Maffei1,39.14791667,59.655,2.69,13.47,5.55,66,3.01,10.48,39,-19
UGCA092,68.00125,63.61388889,2,15.22,11,-95,3.01,3.56,72,-15.6
DDO181,204.9741667,40.73916667,2.4,14.22,11.85,214,3.01,2.06,65,-13.2
NGC3741,174.0266667,45.28527778,1.48,14.38,12.26,229,3.03,1.3,67,-13.1
NGC0404,17.36208333,35.7175,3.47,11.21,7.53,-50,3.05,3.25,20,-16.5
NGC1569,67.70458333,64.84805556,3.98,11.79,7.5,-86,3.06,5.77,60,-18.1
UGC08833,208.7029167,35.8375,1.17,15.3,12.31,221,3.08,1.06,30,-12.2
ESO274-001,228.55625,-46.8125,13.49,11.7,8.36,524,3.09,14.06,90,-17.6
UGCA105,78.56291667,62.58083333,5.5,12.14,8.2,113,3.15,6.62,51,-16.8
KK35,56.3025,67.86388889,2.51,15.7,11.06,-66,3.16,3.91,54,-14.3
HIPASS J1247-77,191.8858333,-77.58361111,0.66,18,13.5,413,3.16,1.18,75,-12.7
NGC2403,114.2141667,65.59944444,28.18,8.8,6.19,125,3.18,26.46,57,-19.2
ESO321-014,183.4566667,-38.23138889,1.41,15.21,12.7,609,3.18,1.38,83,-12.7
DDO044,113.5470833,66.88611111,2.82,15.64,11.37,213,3.19,2.72,62,-12.1
NGC2366,112.2275,69.20527778,7.24,11.68,9.14,96,3.19,6.68,90,-16.1
UGC04483,129.2625,69.77527778,1.32,14.95,13.33,156,3.21,1.24,64,-12.7
ESO349-031,2.055416667,-34.57833333,1.23,15.71,13.02,221,3.21,1.15,39,-11.9
DDO183,207.7129167,38.02111111,2.4,14.45,12.04,188,3.22,2.18,90,-13.2
IC0342,56.70375,68.09583333,21.38,9.37,4.57,29,3.28,34.25,25,-20.7
Cas1,31.53291667,69.01,2.19,15.29,9.34,35,3.3,5.39,45,-16.7
CamB,73.27875,67.09916667,1.48,16.71,13.36,78,3.34,1.71,72,-11.9
DDO006,12.45541667,-21.01611111,2.29,15.3,13.26,292,3.34,2.18,90,-12.4
HolmII,124.7666667,70.71416667,8.91,11.1,8,157,3.39,9,34,-16.7
[CKT2009]d0944+71,146.1433333,71.4825,0.89,16.7,12.47,,3.39,0.89,60,-11.1
KKH37,101.9408333,80.12388889,1.15,16.4,13.75,11,3.39,1.2,55,-11.6
FM1,146.2916667,68.765,0.89,17.5,13.12,,3.4,0.96,33,-10.5
KDG002,12.33791667,-18.07444444,1.23,16.37,13.93,224,3.4,1.24,26,-11.4
NGC5237,204.4120833,-42.8475,2,13.23,9.85,361,3.4,2.14,37,-14.9
ESO325-011,206.2533333,-41.85888889,3.16,14.02,11.32,544,3.4,3.3,75,-14
NGC5102,200.4908333,-36.62972222,13.49,10.28,6.92,464,3.4,13.44,90,-18.1
ESO540-032,12.6025,-19.90694444,1.51,16.44,14.01,228,3.42,1.53,26,-11.3
NGC1560,68.20791667,71.88111111,9.77,12.11,9.26,-36,3.45,10.84,90,-16.7
ESO383-087,207.3283333,-36.06138889,5.62,11,8.2,326,3.45,5.98,37,-17
NGC5206,203.4329167,-48.15111111,3.72,11.62,8.48,583,3.47,4.35,37,-16.6
KK77,147.5416667,67.50666667,2.4,16.3,11.63,,3.48,2.89,52,-12
ESO269-037,195.89,-46.58416667,1.2,16.29,13.42,744,3.48,1.36,47,-12
KKH22,56.23583333,72.06444444,1.05,18,14.13,,3.5,1.49,70,-11.4
KDG063,151.2804167,66.555,1.91,16.01,11.53,-129,3.5,2.18,34,-12.1
MESSIER082,148.9745833,69.6825,11.48,9.06,4.67,183,3.53,13.16,69,-19.6
KDG052,125.9833333,71.02944444,1.26,16.35,13.63,116,3.55,1.32,26,-11.5
HIPASS J0630+08,97.5375,8.376944444,,,,367,3.55,,,
NGC2976,146.815,67.91361111,5.75,11.01,7.53,6,3.56,6.17,64,-17.1
DDO053,128.5270833,66.17916667,2,14.55,12.77,19,3.56,2.13,33,-13.4
NGC5253,204.9825,-31.64,6.92,10.87,8.29,407,3.56,7.27,69,-17.1
PGC051659,217.0154167,-46.30166667,1.86,15.2,12.34,391,3.58,2.11,90,-13.1
KK211,205.5233333,-45.205,1.2,16.32,11.78,600,3.58,1.41,34,-11.9
ClumpIII,150.1683333,68.66027778,0.1,19.8,17.17,-121,3.6,0.11,20,-8.3
[CKT2009]d0959+68,149.8879167,68.65694444,0.79,18,15.36,-186,3.6,0.88,52,-10.1
KDG061,149.26125,68.59166667,1.41,15.24,10.86,221,3.6,1.55,64,-12.9
ClumpI,149.3383333,68.71527778,0.18,19.8,17.17,-165,3.6,0.2,50,-8.3
ESO174-001,206.9904167,-53.35111111,2.45,14.2,11.5,686,3.6,3.94,83,-15.7
ESO270-017,203.6970833,-45.5475,15.85,11.71,8.2,827,3.6,16.92,90,-17.1
KK203,201.8670833,-45.3525,0.5,17.7,14.95,,3.6,0.58,9,-10.5
[KK2000] 51,191.0895833,-42.93972222,0.55,17.3,14.6,,3.6,0.6,81,-10.9
NGC5011C,198.2995833,-43.26555556,1.17,14.21,11.24,647,3.6,1.35,56,-14.1
[KK2000] 53,197.8091667,-38.90611111,0.79,17.3,12.85,,3.6,0.93,36,-10.9
[KK2000] 58,206.5033333,-36.32888889,0.93,17.41,13.06,,3.6,1.04,58,-10.6
HolmIX,149.385,69.04305556,2.63,14.53,11.86,50,3.61,2.96,41,-13.6
UGCA292,189.6666667,32.76666667,1.02,16.07,14.24,308,3.61,1.08,52,-11.8
MESSIER081,148.8895833,69.06666667,28.18,7.79,3.83,-38,3.63,31.35,62,-20.9
[CKT2009]d0939+71,144.81625,71.31166667,0.35,19.6,17.09,,3.63,0.38,35,-8.4
NGC6789,289.1741667,63.97277778,1.41,13.76,11.2,-140,3.63,1.58,45,-14.3
KK213,205.8991667,-43.76916667,0.48,18,13.52,,3.63,0.56,90,-10.2
NGC0247,11.78458333,-20.76,25.12,9.86,7.43,161,3.65,25.91,74,-18.5
[CKT2009]d0934+70,143.5154167,70.21583333,0.59,19.3,14.18,,3.66,0.87,37,-9.6
CenN,207.0383333,-47.565,0.76,17.5,12.84,,3.66,0.96,48,-10.9
UGC05497,153.2016667,64.1075,0.89,15.6,13.18,150,3.7,0.96,48,-12.3
KDG064,151.7579167,67.8275,1.95,15.52,11.19,-15,3.7,2.19,90,-12.6
KDG073,163.2379167,69.54583333,1.2,17.09,14.73,116,3.7,1.29,38,-10.8
HIJASS J1021+6842,155.2508333,68.7,,,,46,3.7,,,
DDO078,156.61625,67.65666667,2,16.5,12.29,55,3.72,2.23,22,-11.5
KKH6,23.715,52.09166667,0.87,17,13.73,60,3.73,1.29,62,-12.4
ESO324-024,201.9058333,-41.48055556,3.31,12.91,10.35,514,3.73,3.93,44,-15.5
IKN,152.0245833,68.39916667,2.69,16.5,12.16,-140,3.75,3.15,39,-11.6
NGC5128,201.3704167,-43.01666667,34.67,7.84,3.94,556,3.75,42.65,45,-20.8
F8D1,146.2083333,67.47555556,2.19,15.7,11.22,-125,3.77,2.7,29,-12.6
BK5N,151.1679167,68.25555556,0.79,17.53,13.2,,3.78,0.93,52,-10.6
NGC2915,141.5479167,-76.62638889,2,13.2,9.7,467,3.78,2.77,69,-16.1
NGC4945,196.35875,-49.47111111,28.18,9.28,4.49,563,3.8,34.38,86,-20.5
ESO269-058,197.6370833,-46.99083333,4.68,13.29,9.04,400,3.8,5.6,62,-15.1
GARLAND,150.925,68.69333333,3.98,16.8,14.18,43,3.82,4.61,62,-11.4
NGC3077,150.8375,68.73388889,6.46,10.62,7.32,19,3.82,7.58,38,-17.6
ESO269-066,198.2883333,-44.89,2.14,14.59,10.12,784,3.82,2.58,34,-13.7
HolmI,145.1345833,71.18638889,4.57,13.64,11.2,139,3.84,5.29,40,-14.5
KK217,206.5716667,-45.68472222,0.65,17.57,12.99,,3.84,0.83,41,-10.9
BK6N,158.6329167,66.01166667,1.1,16.9,12.75,,3.85,1.23,66,-11.1
[CKT2009]d1006+67,151.6925,67.20111111,0.32,19.7,15.32,,3.87,0.39,17,-8.6
A0952+69,149.3708333,69.27222222,1.82,16.8,14.11,99,3.87,2.17,69,-11.5
KK197,200.5075,-42.53555556,1.58,15.68,10.98,,3.87,2.15,48,-12.9
UGC06541,173.37125,49.23805556,1.74,14.44,11.85,249,3.89,1.96,65,-13.6
NGC0625,23.77083333,-41.43638889,7.08,11.59,8.9,395,3.89,7.73,76,-16.4
KKH57,150.0666667,63.185,0.6,17.87,13.69,,3.91,0.7,41,-10.2
[CKT2009]d1041+70,160.32,70.15083333,0.35,19.6,16.98,,3.91,0.41,62,-8.7
NGC7793,359.4558333,-32.59,14.13,9.72,6.85,227,3.91,16.09,48,-18.5
CamA,66.315,72.80583333,3.72,14.84,11.64,-54,3.93,5.07,65,-14.1
[CKT2009]d0955+70,148.8066667,70.40805556,0.35,19.5,14.81,,3.93,0.48,36,-9.1
[CKT2009]d0926+70,141.61625,70.50666667,0.4,19,15.74,,3.93,0.56,47,-10
[KK2000] 57,205.40875,-42.58194444,0.55,18.1,13.64,,3.93,0.7,36,-10.3
NGC0253,11.89291667,-25.29222222,37.15,7.92,3.77,243,3.94,40.83,85,-21.3
[KK2000] 55,200.5516667,-42.73083333,0.79,18.5,13.82,,3.94,1.09,34,-10.1
HS117,155.355,71.11611111,1.51,17.3,14.5,-37,3.96,1.9,62,-11.2
[CKT2009]d0944+69,146.09375,69.21111111,0.2,21,16.52,,3.98,0.26,10,-7.4
KK27,50.2625,-66.31972222,1.17,16.5,13.85,533,3.98,1.4,90,-11.8
KK196,200.44625,-45.06333333,0.87,16.14,13.46,741,3.98,1.08,45,-12.2
KK221,207.1933333,-46.99694444,1.51,17.3,14.4,507,3.98,1.96,55,-11.3
[CKT2009]d1028+70,157.1654167,70.23361111,0.71,16.2,13.69,-114,4,0.85,45,-12
DDO082,157.6458333,70.61944444,3.39,13.49,10.29,56,4,4.02,63,-14.7
BK3N,148.4520833,68.96916667,0.32,18.78,16.11,-40,4.02,0.4,41,-9.6
IC2574,157.0933333,68.41611111,13.18,10.8,7.95,43,4.02,15.39,67,-17.5
[CKT2009]d0958+66,149.7020833,66.84972222,0.87,16,13.41,90,4.04,1.06,64,-12.3
DDO154,193.5216667,27.14861111,2.14,14.1,12.33,374,4.04,2.5,49,-14
[CKT2009]d1015+69,153.77875,69.0375,0.25,20.5,16.21,,4.07,0.31,13,-7.8
LV J1228+4358,187.1870833,43.97166667,3.98,14.2,11.77,,4.07,4.56,90,-13.9
NGC1313,49.56416667,-66.4975,12.59,9.66,7.57,470,4.07,16.37,37,-19
[KK2000] 03,36.17791667,-73.51277778,2.45,16,10.83,,4.1,3.01,90,-12.3
UGC01703,33.2325,32.81416667,0.79,17,12.52,,4.19,1.05,72,-11.5
DDO167,198.345,46.31972222,1.1,15.45,13.45,150,4.19,1.32,67,-12.7
DDO169NW,198.83375,47.54361111,0.78,18,15.61,242,4.2,0.94,51,-10.2
CIRCINUS,213.28875,-65.33916667,6.92,12.12,5.28,434,4.2,20.28,69,-20.7
NGC4449,187.0466667,44.09444444,6.76,9.99,7.25,201,4.21,8.3,45,-18.3
UGC07298,184.1191667,52.22722222,0.85,15.95,13.29,174,4.21,1.04,67,-12.3
Sc22,5.965416667,-24.705,0.93,17.73,13.57,,4.21,1.15,48,-10.5
KK189,198.1875,-41.83194444,0.6,17.75,13.2,,4.21,0.84,62,-10.9
ESO490-017,99.48583333,-25.99972222,1.7,14.01,12,505,4.23,2.22,46,-14.5
KKH5,16.88541667,51.44027778,0.87,17.1,13.63,61,4.27,1.38,60,-12.3
UGC08638,204.8308333,24.77583333,1.66,14.47,11.53,276,4.27,2.05,55,-13.7
UGCA442,355.9416667,-31.95916667,6.31,13.6,11.42,267,4.27,7.35,90,-14.7
ESO219-010,194.04,-50.14388889,0.68,16.42,11.44,,4.29,1.11,47,-12.7
KK160,190.9891667,43.66138889,0.59,17.43,14.98,293,4.31,0.75,47,-10.9
NGC4068,181.01,52.58861111,2.95,13.19,10.76,210,4.31,3.67,69,-15.1
DDO168,198.6191667,45.91944444,3.89,12.97,11.11,191,4.33,4.79,90,-15.3
UGC06456,172.0025,78.99138889,1.48,14.27,12.48,-94,4.35,1.89,69,-14.1
NGC4826,194.1841667,21.68472222,13.8,9.3,5.33,409,4.37,17.75,63,-19.5
HIDEEP J1337-33,204.2525,-33.36305556,0.2,17.3,14.76,591,4.37,0.26,20,-11.1
KK180,196.1245833,17.75888889,0.89,17.3,13.11,,4.4,1.15,55,-11
KK177,195.6745833,21.9975,0.78,17.4,13.15,,4.4,1.03,28,-11
DDO169,198.8779167,47.49638889,2.95,14.46,12.17,262,4.41,3.65,90,-13.8
IC4316,205.0754167,-28.89444444,2.04,14.56,10.96,576,4.41,2.71,59,-13.9
KKH18,45.77458333,33.69444444,0.71,16.7,13.56,216,4.43,1.07,65,-12.4
LV J0913+1937,138.4125,19.61888889,0.54,17.4,14.88,445,4.43,0.7,79,-11
UGC07605,187.1625,35.71805556,1.48,14.76,12.4,310,4.43,1.91,49,-13.5
ESO245-005,26.265,-43.59805556,3.8,12.7,10.26,393,4.43,4.95,30,-15.6
NGC4236,184.1804167,69.46555556,21.88,10.05,7.5,-3,4.45,27.39,73,-18.6
NGC4244,184.3745833,37.8075,19.5,10.88,7.72,247,4.49,23.76,90,-18.2
KK109,176.7966667,43.67194444,0.45,18.1,15.68,211,4.51,0.59,55,-10.3
NGC5238,203.6779167,51.61388889,2.09,13.55,11.5,229,4.51,2.75,39,-14.8
UGC00685,16.84291667,16.68388889,2.4,14.22,11.64,156,4.51,3.28,51,-14.3
ESO384-016,209.2566667,-35.33388889,1.32,15.11,12,561,4.53,1.83,53,-13.5
NGC5264,205.4041667,-29.91388889,3.47,12.6,9.5,478,4.53,4.69,54,-15.9
UGC08215,197.015,46.82805556,0.85,16.03,13.64,224,4.55,1.12,52,-12.3
[CKT2009]d1014+68,153.7325,68.7575,0.2,20.2,15.92,,4.57,0.28,29,-8.3
IC3687,190.5629167,38.50194444,5.13,13.79,11.12,350,4.57,6.92,32,-14.6
DDO165,196.6116667,67.70416667,4.07,13.31,11.14,31,4.57,5.4,68,-15.1
ESO059-001,112.8304167,-68.18611111,2.14,13.98,11.25,530,4.57,3.23,40,-15
MCG +09-20-131,183.9445833,52.3875,1.05,15.3,12.86,159,4.59,1.36,90,-13.1
UGC07596,187.14125,8.639722222,1.58,14.9,12.47,565,4.6,2.09,83,-13.5
KK198,200.73375,-33.57277778,0.5,17.65,13.28,,4.6,0.73,41,-11
KK218,206.6645833,-29.97916667,0.81,17.6,13.26,,4.6,1.14,90,-11
[KK2000] 54,200.385,-31.88638889,0.66,18.13,15.51,,4.6,0.93,54,-10.5
AM1320-230,200.8745833,-23.39305556,0.69,17.53,13.11,,4.6,1,77,-11.1
KKH34,89.92166667,73.4275,0.93,17.1,13.76,106,4.61,1.55,66,-12.3
NGC4395,186.4575,33.54611111,13.18,10.64,8,313,4.61,17.83,34,-17.8
ESO444-084,204.3341667,-28.04611111,1.35,15.06,12.6,587,4.61,1.91,45,-13.6
KK200,201.15,-30.97222222,1.1,16.67,13.42,494,4.63,1.55,60,-12
NGC4736,192.7229167,41.11944444,15.14,8.7,5.11,308,4.66,20.68,38,-19.9
NGC5204,202.4016667,58.41777778,5.13,11.73,9.51,201,4.66,6.88,54,-16.8
KK208,204.1479167,-29.57083333,5.89,14.3,10.03,,4.68,8.19,90,-14.2
IC4182,196.4554167,37.60583333,6.61,12.02,9.72,321,4.7,9.12,23,-16.4
KKH78,184.4354167,33.34527778,0.45,17.7,15.3,,4.7,0.61,59,-10.7
VCC0381,184.9754167,6.665833333,0.78,16.67,14.31,480,4.71,1.06,26,-11.7
UGC11411,287.17625,70.28388889,0.79,15.6,12.8,69,4.73,1.2,52,-13.3
KK166,192.3054167,35.6125,0.6,17.62,13.47,,4.74,0.83,73,-10.8
NGC5408,210.8395833,-41.37638889,2.82,12.2,10.5,502,4.81,4.06,87,-16.5
MCG +06-27-017,182.485,36.43527778,0.95,15.5,12,339,4.83,1.31,90,-13
HIPASS J1337-39,204.3545833,-39.89777778,0.52,16.5,13.8,492,4.83,0.78,38,-12.2
DDO133,188.2208333,31.53916667,3.55,13.53,11.12,330,4.85,5.01,53,-15
DDO126,186.77125,37.1425,2.88,14.12,11.53,217,4.88,4.07,59,-14.4
ESO379-024,181.23625,-35.74305556,0.74,16.58,13.93,632,4.88,1.12,47,-12.2
KK17,30.04125,28.8325,1,17.2,14.24,168,4.9,1.46,72,-11.5
NGC3738,173.9525,54.52277778,3.39,11.87,9.61,225,4.9,4.82,49,-16.7
FG202,106.32125,-58.52055556,1.95,14.95,12.13,564,4.9,3.01,76,-14
DDO226,10.76583333,-22.25027778,2.24,14.9,12.48,359,4.92,3.12,90,-13.6
NGC5236,204.2504167,-29.86777778,18.62,8.2,4.62,519,4.92,28.19,28,-20.6
UGC01281,27.38458333,32.5925,5.62,12.87,10.5,157,4.94,7.88,85,-16.1
NGC0784,30.32,28.84361111,6.61,12.22,10.29,193,4.97,9.52,79,-16.5
IC4247,201.685,-30.3625,1.66,14.41,11.25,420,4.97,2.45,90,-14.3
ESO489-056,96.57083333,-26.26555556,0.72,15.7,13.09,492,4.99,1.09,72,-13.1
ESO115-021,39.4375,-61.34111111,7.24,13.34,9.97,515,4.99,9.95,90,-15.5
KDG218,196.4333333,-7.755555556,1.82,16.8,12.52,,5,2.73,51,-11.9
CGCG 189-050,199.2704167,37.9525,0.85,15.6,13.2,324,5.04,1.25,45,-13
ESO553-046,81.77375,-20.67805556,1.12,14.6,12,541,5.07,1.7,51,-14.1
KKSG19,156.1179167,-12.4325,0.69,16.79,14.17,628,5.11,1.09,34,-12.1
NGC1705,73.55708333,-53.36138889,2.24,12.77,10.52,628,5.11,3.31,48,-15.9
KK49,85.42291667,6.681666667,1.15,16.1,10.39,455,5.15,2.89,51,-14.9
LV J0956-0929,149.1566667,-9.486388889,0.93,15.89,13.28,627,5.18,1.48,49,-13
UGC07636,187.5041667,7.929444444,0.89,14.9,12.47,469,5.2,1.36,40,-13.8
NGC1311,50.03083333,-52.185,4.68,13.4,10.92,571,5.2,6.83,78,-15.3
ESO379-007,178.6791667,-33.55805556,0.93,16.6,13.6,644,5.22,1.5,49,-12.3
KK195,200.2841667,-31.52972222,0.71,17.1,14.5,572,5.22,1.11,78,-11.8
ESO215-009,164.3758333,-48.17888889,2,16.03,12.6,598,5.25,3.67,62,-13.5
UGCA365,204.1283333,-29.23638889,1.58,15.49,12.64,577,5.25,2.46,87,-13.3
NGC6503,267.365,70.14472222,7.08,10.86,7.3,51,5.27,10.72,73,-18.3
NGC0059,3.854583333,-21.44388889,2.29,12.97,10.1,361,5.3,3.52,90,-15.7
ESO381-018,191.1779167,-35.96666667,0.79,15.72,13.52,624,5.32,1.28,64,-13.2
SBS 1224+533,186.7191667,53.10527778,0.8,16.1,13.68,300,5.35,1.25,53,-12.6
UGC02773,53.02958333,47.79361111,1.2,15,9.77,216,5.4,3.16,47,-16.1
NGC4656,190.99,32.17027778,12.88,10.96,8,638,5.4,19,87,-18.2
KK165,192.2195833,31.97027778,0.72,17.5,13.34,,5.4,1.15,24,-11.2
DDO147,191.7491667,36.47638889,1.45,15.12,12.7,331,5.4,2.29,42,-13.6
AGC748778,1.643333333,15.51083333,0.32,18.9,16.29,258,5.4,0.53,70,-10
UGC07242,183.5308333,66.09222222,1.23,14.6,12.18,66,5.42,1.91,87,-14.2
NGC5068,199.7304167,-21.03916667,10,10.52,7.55,668,5.45,17.33,29,-18.6
ESO381-020,191.5016667,-33.83805556,2.82,14.44,12.11,589,5.45,4.57,90,-14.5
KK16,28.83583333,27.95416667,1.32,16.3,13.68,207,5.47,2.15,90,-12.7
NGC4605,190.00125,61.60805556,6.17,10.89,7.76,151,5.47,9.55,70,-18.1
A0554+07,89.40291667,7.491944444,0.72,18.4,13.72,428,5.5,1.94,90,-12.9
KDG215,193.91875,19.20916667,1.17,16.9,14.47,419,5.5,1.87,68,-11.9
IC3840,192.9420833,21.73527778,0.95,16.9,14.39,557,5.5,1.54,75,-12
ESO154-023,44.21,-54.57305556,8.32,12.71,9.81,574,5.55,12.72,83,-16.3
BTS76,179.68375,27.585,0.6,16.5,14.06,455,5.57,0.98,62,-12.3
KKH46,137.1525,5.292222222,0.6,17.05,14.52,598,5.6,1.02,34,-11.9
UGC05456,151.8320833,10.36222222,1.62,13.84,11.63,527,5.6,2.67,72,-15.1
UGCA281,186.5666667,48.49194444,1.05,15.14,12.51,279,5.68,1.73,47,-13.7
HIPASS J1526-51,231.5954167,-51.17527778,,19.5,14.64,605,5.68,,,-9.3
NGC5585,214.95125,56.73027778,5.89,11.2,9.5,303,5.7,9.74,51,-17.8
DDO043,112.0716667,40.77027778,1.41,15.12,13.07,353,5.73,2.45,53,-13.9
HIPASS J1351-47,207.8416667,-47,0.56,17.5,14.6,529,5.73,1.05,62,-11.9
HIPASS J1348-37,207.14125,-37.9675,0.47,17.6,14.9,582,5.75,0.83,41,-11.5
KK182,196.2620833,-40.08277778,0.91,16.33,13.47,617,5.78,1.65,62,-12.9
ESO443-009,193.7233333,-28.34083333,0.71,17.01,14.4,645,5.78,1.25,47,-12.1
NGC4490,187.6516667,41.64361111,6.31,9.76,7.35,586,5.8,10.55,62,-19.4
MAPS1231+42,187.7875,42.09416667,0.33,17.8,15.38,563,5.8,0.56,54,-11.1
NGC4485,187.63,41.7,2.34,12.32,10.58,480,5.8,3.98,46,-16.7
NGC4707,192.0954167,51.16472222,2.09,13.43,11.73,468,5.8,3.53,41,-15.5
ESO222-010,218.7625,-49.42166667,0.44,16.33,12.96,620,5.8,0.91,81,-13.6
UGC02905,59.2525,16.52444444,1,15.76,12.17,292,5.83,2.23,62,-14.4
ESO272-025,220.85625,-44.70527778,1.58,14.79,12.27,631,5.88,3.06,72,-14.8
KKR59,315.8508333,57.28722222,2.29,15.7,9.57,-3,5.89,8.87,53,-17
KKR56,312.1004167,58.61833333,0.71,17.6,12.38,-43,5.89,2.35,58,-14.4
KKR55,311.3366667,60.41111111,0.6,17,11.96,32,5.89,1.92,55,-14.8
NGC6946,308.7129167,60.15416667,14.79,9.61,5.37,51,5.89,34.68,32,-20.8
KK251,307.6333333,60.35361111,1.58,16.5,12.98,130,5.89,3.48,72,-13.6
UGC11583,307.56375,60.44027778,2.19,15.9,12.3,126,5.89,4.71,90,-14.3
KK252,307.8858333,60.81333333,0.89,16.7,12.57,138,5.89,2.33,9,-14.1
KKR60,316.4708333,57.20527778,0.71,18,11.47,-14,5.9,3.22,52,-15.4
ESO149-003,358.0116667,-52.5775,2.63,15.05,12.65,574,5.9,4.27,90,-13.9
LV J1217+3231,184.3833333,32.5325,0.66,18.2,15.8,447,5.93,1.13,60,-10.7
KK191,198.4154167,42.04416667,0.42,18.2,15.8,,6,0.74,18,-10.8
Cepheus1,312.7904167,56.89,3.02,15.4,9.05,33,6,12.32,61,-17.6
AGC174605,117.5904167,7.794444444,0.34,18,15.56,351,6,0.6,22,-11
KDG216,194.1041667,15.08583333,1.12,16.9,12.73,,6,1.99,37,-12.1
LV J0616-5745,94.03833333,-57.76527778,0.4,17.01,14.5,554,6,0.71,41,-12.1
HIPASS J1441-62,220.4279167,-62.76722222,0.3,20.5,12.93,672,6.02,1.79,57,-14.1
IC5052,313.0258333,-69.20388889,8.13,11.68,8.88,584,6.03,13.81,90,-18.1
IC1959,53.29916667,-50.41055556,4.07,13.2,11.04,640,6.05,6.84,79,-16
ESO121-020,93.97708333,-57.72638889,0.93,15.27,12.76,587,6.05,1.68,51,-13.8
LV J0944-2254,146.08375,-22.91611111,0.32,16.83,14.18,729,6.05,0.59,46,-12.4
ESO320-014,174.4725,-39.22055556,1.38,15.85,12.9,654,6.08,2.74,58,-13.7
LV J1243+4127,190.9820833,41.45694444,1.38,17.2,14.78,402,6.09,2.4,83,-11.8
AGC182595,132.8004167,27.88,0.36,17.2,14.68,398,6.1,0.66,64,-11.9
AGC174585,114.0429167,9.986388889,0.4,17.9,15.39,356,6.1,0.72,60,-11.2
KK144,186.36625,28.4825,1.12,16.5,14.07,480,6.15,1.98,81,-12.5
LV J0939-2507,144.8958333,-25.12638889,0.63,15.5,12.92,741,6.15,1.17,65,-13.7
LV J1158+1535,179.6683333,15.59277778,0.32,18.2,15.63,565,6.27,0.61,38,-11
KK138,185.4933333,28.24277778,0.42,18.7,16.27,,6.3,0.76,64,-10.4
And IV,10.62541667,40.57583333,1,17.18,14.54,237,6.31,1.93,45,-12.1
HIPASS J0801-21,120.3558333,-21.9975,0.48,17.2,13.97,730,6.34,1.06,67,-12.8
UGC02716,51.03,17.75416667,1.58,14.64,11.5,381,6.4,3.28,57,-15
ESO137-018,245.2470833,-60.4875,3.47,12.23,8.37,603,6.4,7.76,73,-18.1
Orion,86.25833333,5.068333333,3.09,15.4,10.9,368,6.46,11.17,62,-17
UGC02684,50.09875,17.295,1.95,16.29,13.46,350,6.49,4.07,72,-13.4
UGC08061,194.1808333,11.93111111,0.83,15.97,13.5,563,6.49,1.6,41,-13.2
ESO223-009,225.2854167,-48.2925,2.63,13.82,9.44,588,6.49,6.3,26,-16.4
CVnHI,185.1808333,46.20916667,,,,420,6.5,,,
HIPASS J1258-04,194.7066667,-4.888611111,0.85,15.26,12.81,1318,6.5,1.59,87,-13.9
ESO318-013,161.9245833,-38.85416667,1.78,14.97,12.07,718,6.5,3.34,90,-14.4
PGC170257,202.3375,-21.17916667,0.93,15.33,12.6,650,6.5,1.93,47,-14.2
AGC112521,25.28291667,27.32388889,0.6,17.8,15.2,274,6.52,1.18,67,-11.5
LV J1218+4655,184.54625,46.91694444,0.91,16.83,14.16,420,6.54,1.68,76,-12.3
UGC05209,146.2675,32.23833333,0.83,16.06,13.64,535,6.56,1.61,18,-13.1
KK151,187.5991667,42.90138889,1.12,15.8,13.38,436,6.56,2.1,87,-13.4
ESO199-007,44.51708333,-49.3825,1.07,16.44,14.01,630,6.56,2.01,90,-12.7
Arp211,189.33875,38.74527778,0.85,15.74,13.32,458,6.61,1.63,65,-13.4
NGC5023,198.0495833,44.03861111,7.24,12.85,9.74,407,6.61,12.97,90,-17.1
KUG 1202+286,181.3470833,28.36555556,0.89,15.2,13.16,529,6.69,1.73,56,-14
HIPASS J1133-32,173.2958333,-32.96194444,0.52,16.27,13.68,709,6.7,1.05,72,-13.1
HIPASS J1131-31,172.8966667,-31.67222222,1,17,14.38,715,6.7,2.04,62,-12.4
ESO006-001,124.8470833,-85.14555556,1.1,15.13,12.97,738,6.7,2.55,27,-14.8
NGC3621,169.5670833,-32.81166667,12.3,10.18,6.6,730,6.7,25.02,65,-19.8
ESO104-022,283.9216667,-64.81083333,1.48,15.63,12.95,797,6.7,3.07,55,-13.9
NGC7090,324.1191667,-54.55722222,10.23,11.33,8.16,850,6.7,19.03,89,-18.6
UGC00288,7.266666667,43.43166667,1.07,15.64,12.99,187,6.73,2.21,60,-13.8
LV J1205+2813,181.3925,28.23222222,0.69,16.7,14.02,534,6.74,1.37,38,-12.5
LV J1021+0054,155.4120833,0.9,0.42,17.5,14.94,701,6.78,0.86,49,-11.9
AGC238890,203.12625,25.12361111,0.83,16.6,14.2,360,6.8,1.64,59,-12.6
IC3718,191.1916667,12.35138889,2.57,14,11.91,849,6.8,4.98,74,-15.3
NGC3344,160.8758333,24.92361111,7.59,10.45,7.44,588,6.85,15.51,27,-18.9
DDO046,115.3575,40.1125,1.78,14.4,12.2,364,6.85,3.71,22,-15
UGC05288,147.8216667,7.827222222,1.45,14.62,11.49,557,6.85,2.92,60,-14.8
DDO127,187.11875,37.23333333,1.62,14.98,12.57,275,6.89,3.21,72,-14.3
KK152,188.35375,33.35138889,1.07,16.3,13.88,838,6.9,2.12,83,-13
UGC7678,188.0016667,39.83194444,1.78,14.5,12.48,679,6.9,3.53,70,-14.8
KK176,194.9845833,-19.41305556,1.48,16.5,14,825,6.9,3.01,64,-12.9
KKH40,116.735,51.29611111,0.66,16.6,14,445,6.98,1.4,50,-12.9
UGC05797,159.855,1.718611111,1.23,14.28,11.81,710,7,2.57,33,-15.1
ESO501-023,158.8466667,-24.75416667,3.47,13.2,10.34,1042,7,7.41,38,-16.3
UGC03476,97.62166667,33.30194444,1.48,15.98,12.7,469,7.01,3.59,90,-14.3
LV J1157+5638,179.4758333,56.63805556,0.48,17.1,14.68,416,7.03,0.99,40,-12.2
DDO120,185.3125,45.81138889,2.4,13.55,10.77,463,7.06,4.89,60,-15.8
LV J1000+3032,150.1520833,30.53611111,0.28,18.06,15.64,501,7.1,0.58,51,-11.3
KK78,147.5816667,31.45666667,0.41,17.68,15.25,539,7.1,0.84,62,-11.7
CGCG 262-028,116.88375,51.19138889,1,14.8,12.81,454,7.1,2.15,70,-14.8
ESO376-016,160.8629167,-37.0425,0.69,15.53,12.95,670,7.1,1.47,66,-14
UGC05427,151.1708333,29.36638889,1.38,14.89,12.2,498,7.11,2.87,49,-14.5
DDO064,147.5933333,31.4875,2.19,14.46,12.45,521,7.11,4.45,90,-14.9
LV J1952+1428,298.0491667,14.47333333,0.3,16.9,13.54,279,7.13,0.79,24,-13.5
UGC07639,187.4708333,47.53,2.14,14.13,11.73,385,7.14,4.38,68,-15.2
UGC03303,81.24791667,4.505,5.62,13.95,10.73,519,7.14,13.06,39,-16
UGC1561,31.02083333,24.20777778,2.34,14.51,11.83,606,7.2,5.28,34,-15.1
KK13,25.57,26.36777778,0.71,16.57,13.86,357,7.2,1.58,65,-13.1
KK15,26.67333333,26.80138889,0.59,18.22,15.54,366,7.2,1.28,90,-11.4
IC1727,26.87541667,27.33111111,6.92,12.07,8.97,336,7.2,14.97,70,-17.8
NGC0672,26.97166667,27.43361111,7.24,11.31,8.51,429,7.2,15.68,71,-18.8
KK14,26.17791667,27.28777778,0.79,17.47,14.84,420,7.2,1.71,90,-12.1
AGC732602,200.27,24.14333333,0.62,17.1,14.71,925,7.2,1.26,83,-12.2
NGC5474,211.25875,53.66305556,4.79,11.48,9.48,288,7.2,10.09,26,-17.9
KKH87,213.7891667,57.0875,1.12,16.1,13.7,320,7.2,2.28,90,-13.2
VCC1713,189.37125,4.751388889,0.58,15.86,13.42,1638,7.2,1.21,63,-13.5
HIPASS J0457-42,74.24458333,-42.80388889,1.41,14.46,12.06,657,7.2,2.88,70,-14.9
HIZSS012,112.5345833,-22.01694444,3.2,19,9,779,7.2,35.87,61,-18.6
HolmIV,208.6879167,53.90472222,4.07,13.76,11.04,140,7.21,8.25,74,-15.6
HIPASS J0705-20,106.4375,-20.99166667,,,,766,7.23,,,
UGC03600,103.9166667,39.095,1.91,16.18,13.22,398,7.24,4.19,70,-13.5
UGC03698,107.3283333,44.38,1.17,15.41,12.68,421,7.24,2.66,62,-14.3
NGC4144,182.4970833,46.45722222,6.17,12.05,9.39,265,7.24,12.37,82,-17.7
KDG101,184.7879167,47.08972222,1.29,15.75,13.33,132,7.24,2.7,63,-13.6
BTS151,190.8525,32.48222222,0.78,17.4,13.24,,7.3,1.65,64,-12
NGC4627,190.49875,32.57361111,1.82,13.01,8.85,542,7.3,3.89,59,-16.4
LV J1243+3232,190.9358333,32.53444444,0.35,19,14.84,,7.3,0.75,57,-10.4
LV J1241+3251,190.4470833,32.85777778,0.79,16.4,13.98,693,7.3,1.68,65,-13
NGC4861,194.7583333,34.86027778,3.63,12.9,10.46,842,7.3,7.48,90,-16.5
UGC09992,235.4491667,67.25416667,1.66,15.4,12.9,423,7.3,3.58,61,-14.1
UGC01056,22.19666667,16.68805556,1,14.81,12,595,7.3,2.24,54,-14.8
DDO161,195.82,-17.42305556,7.94,13.5,10.38,744,7.3,16.77,90,-16.4
UGCA319,195.56,-17.2375,1.26,15.08,12.07,755,7.3,2.84,53,-14.6
NGC4700,192.2816667,-11.41138889,4.07,12.63,10.49,1411,7.3,8.49,82,-17.1
LV J0935-1348,143.84,-13.81444444,0.42,16.6,14.08,796,7.3,0.91,47,-12.9
IC4870,294.4066667,-65.81194444,1.74,14.5,12.11,877,7.3,4.01,66,-15.3
NGC0628,24.17208333,15.78666667,11.22,9.79,6.85,657,7.31,25.4,20,-19.8
MCG +09-16-010,140.8208333,51.97305556,0.92,16.2,13.54,484,7.35,1.98,39,-13.2
NGC4600,190.0958333,3.117777778,1.62,13.7,9.81,852,7.35,3.49,53,-15.8
HIZSS014,114.0941667,-19.49444444,0.4,18.4,10.82,786,7.35,2.88,62,-16.7
CGCG 095-078,164.5091667,19.50527778,0.84,15.6,13.15,650,7.37,1.79,75,-13.9
LV J1207+3133,181.9583333,31.55222222,0.64,17.5,14.82,562,7.37,1.39,35,-11.9
NGC4631,190.5333333,32.54138889,16.6,9.75,6.47,583,7.38,33.69,86,-20.3
MESSIER101,210.8033333,54.35055556,30.2,8.31,5.51,240,7.38,65.2,22,-21.1
UGC01171,24.92333333,15.90305556,1.29,15.71,13.13,738,7.38,2.91,26,-13.9
NGC4248,184.4579167,47.40916667,3.31,13.14,10.59,484,7.4,7.01,66,-16.3
UGC09660,225.28875,44.69805556,1.2,14.35,11.74,608,7.4,2.56,74,-15.1
NGC2188,92.53958333,-34.10611111,4.68,12.14,9.5,745,7.4,9.82,78,-17.5
HIPASS J0607-34,91.83208333,-34.20444444,1.02,14.09,11.5,765,7.4,2.24,55,-15.5
VCC2037,191.56375,10.20333333,1.2,15.8,13.35,1142,7.4,2.57,78,-13.7
ESO483-013,63.17125,-23.15888889,1.58,14.06,10.84,898,7.4,3.49,68,-15.5
CGMW2-3473,126.30375,-28.14027778,0.78,15.22,11.93,837,7.4,2.04,64,-15.2
GBT 1355+5439,208.7108333,54.64722222,,,,210,7.41,,,
UGC03755,108.4658333,10.52194444,1.86,14.07,11.66,311,7.41,4.27,63,-15.7
KKH80,187.0225,22.29083333,0.85,16.8,14.37,602,7.43,1.85,53,-12.7
MAPS1206+31,181.64375,31.3425,0.71,15.8,13.12,568,7.43,1.56,22,-13.6
HIZSS008,111.3416667,-24.47527778,1.35,16.9,8.5,800,7.43,10.56,66,-18.8
LV J1342+4840,205.58375,48.6825,0.78,16.3,13.91,438,7.44,1.68,53,-13.1
DDO087,162.4020833,65.53055556,1.58,15.15,11.86,340,7.45,3.46,29,-14.3
KDG192,190.9375,53.95888889,1.07,16.6,14.2,443,7.45,2.31,59,-12.8
MCG +05-28-046,178.8479167,28.34,1.2,16.35,13.89,590,7.45,2.58,81,-13.1
NGC2787,139.8275,69.20333333,3.31,11.82,7.26,700,7.48,7.99,55,-18.5
LV J1203+4739,180.75,47.65416667,0.94,17.2,14.78,492,7.49,2.02,78,-12.3
VCC1675,189.1458333,8.054722222,1.41,14.8,12.1,1790,7.5,3.09,61,-14.7
ESO565-003,140.79125,-20.1675,0.72,15.53,12.93,829,7.52,1.65,55,-14.1
LV J1028+4240,157.1375,42.66888889,0.48,17.4,15.01,547,7.55,1.05,51,-12
UGC01104,23.17625,18.31583333,1.78,14.48,11.81,688,7.55,4.06,62,-15.2
LV J1203+3257,180.7954167,32.95611111,0.97,16.7,14.02,570,7.55,2.09,69,-12.8
ESO364-029,91.43916667,-33.08166667,3.55,13.67,10.27,787,7.59,8.06,51,-15.9
KDG105,185.4291667,37.98722222,0.83,16.7,14.28,567,7.6,1.83,63,-12.8
IC3583,189.18125,13.25944444,2.88,13.31,11.2,1120,7.6,6.47,70,-16.4
ESO347-017,351.73375,-37.34694444,1.91,14.69,11.78,691,7.6,4.1,72,-14.8
KK55,99.88708333,-40.72027778,0.71,16.05,13.4,824,7.65,1.66,58,-13.7
NGC5195,202.4945833,47.26805556,6.92,10.45,6.25,455,7.66,15.79,25,-19.2
KK70,133.8416667,33.55916667,0.5,17.7,13.48,,7.7,1.17,17,-11.9
KK69,133.21125,33.79777778,1.38,17.4,14.93,462,7.7,3.15,46,-12.2
NGC5477,211.3879167,54.46083333,2.04,14.19,11.79,312,7.7,4.57,46,-15.3
ESO409-015,1.3825,-28.09805556,1.2,15.15,12.74,726,7.7,2.65,78,-14.4
KKSG29,189.30875,-10.4975,1.41,16.54,14.08,756,7.7,3.14,83,-13
IC3023,182.5070833,14.36694444,1.1,15.35,12.85,817,7.7,2.51,51,-14.2
UGC04115,119.2575,14.39083333,1.91,15.23,12.13,343,7.73,4.29,66,-14.3
NGC2683,133.1704167,33.41722222,13.49,10.34,6.33,411,7.73,29.52,90,-20.4
DDO088,161.8429167,14.07027778,2.14,14.4,11.91,573,7.73,4.95,20,-15.2
MCG +08-25-028,204.1866667,44.59916667,0.95,15.9,13.49,480,7.74,2.13,70,-13.6
KK141,185.7195833,33.82861111,0.4,16.6,14.2,573,7.78,0.9,45,-12.9
NGC1156,44.92666667,25.2375,3.31,12.32,9.55,373,7.8,9.21,32,-18.1
LV J0300+2546,45.16375,25.78222222,0.35,18.1,14.5,308,7.8,1.05,33,-12.7
d1220+4649,185.2291667,46.82916667,0.25,19.4,15.23,,7.8,0.58,41,-10.1
KK136,185.1691667,47.00083333,0.47,17.5,13.33,,7.8,1.08,36,-12
d1219+4705,184.9033333,47.0925,0.29,18.6,14.4,,7.8,0.67,22,-11
LV J1217+4703,184.2920833,47.06361111,0.3,18.5,16.09,,7.8,0.69,46,-11
KK134,184.8908333,47.45166667,0.37,17,12.84,,7.8,0.86,24,-12.5
[KKH2011]S11,185.1254167,47.49027778,0.28,20.5,16.33,,7.8,0.65,31,-9
KK132,184.7770833,47.73083333,0.36,18.5,14.34,,7.8,0.83,37,-11
BTS132,185.9425,47.65888889,0.39,18.4,14.23,,7.8,0.89,60,-11.1
LV J1030+0607,157.6845833,6.127222222,0.71,16.8,14.35,640,7.8,1.61,62,-12.8
ESO496-010,132.275,-26.32,1.05,14.83,11.9,814,7.8,2.56,56,-15.1
MCG -04-31-038,197.4025,-27.14055556,1.02,15.09,10.8,684,7.8,2.45,55,-14.7
ESO238-005,335.6254167,-48.405,3.09,14.7,12.28,706,7.8,6.98,57,-14.8
NGC7713,354.0625,-37.93888889,6.76,11.49,9.19,692,7.8,15.03,68,-18.4
LV J2335-3713,353.7670833,-37.22055556,0.58,16.64,14.23,615,7.8,1.3,65,-12.9
IC5332,353.6145833,-36.10166667,8.32,11,8.7,701,7.8,19.05,30,-18.6
NGC4258,184.7395833,47.30388889,18.62,9.1,5.46,447,7.83,41.49,71,-21.2
KK246,300.9891667,-31.68166667,0.91,17.06,13.3,435,7.83,2.65,87,-13.7
MAPS1249+44,192.3791667,44.35916667,0.47,17.1,14.69,513,7.84,1.06,69,-12.4
NGC2337,107.5566667,44.45694444,2.75,13.48,10.34,433,7.87,6.77,47,-16.5
KDG010,25.9225,15.68972222,1.45,16.28,13.64,789,7.87,3.49,55,-13.5
KUG 0937+480,145.0816667,47.77722222,0.85,17,14.59,546,7.88,1.9,90,-12.6
UGC7751,188.7991667,41.06083333,1.21,16.5,14.05,605,7.9,2.73,90,-13.1
NGC4618,190.3866667,41.15083333,4.17,11.31,8.66,536,7.9,9.68,41,-18.3
NGC4625,190.4695833,41.27388889,1.66,13.03,9.75,606,7.9,3.84,39,-16.5
NGC4242,184.3758333,45.61944444,5.5,11.59,9.12,517,7.9,12.63,41,-18
UGC12588,351.1766667,41.34805556,1.86,14.11,10.89,425,7.9,4.87,35,-16.1
NGC7640,350.5275,40.84555556,10.47,11.61,8.6,369,7.9,24.98,90,-19.2
MCG -03-34-002,196.9858333,-16.68916667,1.23,14.79,12.55,959,7.9,2.99,59,-15.1
NGC3239,156.2704167,17.16361111,5.01,11.73,9,754,7.9,11.64,53,-18.1
VCC0841,186.4458333,14.95194444,1.1,15.5,13.04,499,7.9,2.51,74,-14.1
NGC4136,182.32375,29.9275,3.98,11.69,9.31,608,7.9,9.27,24,-17.9
HIPASS J0905-36,136.5,-36.06,0.5,17.4,13.38,886,7.93,1.69,47,-13.9
IC4710,277.1583333,-66.98222222,3.72,12.51,9.56,739,7.94,9.23,39,-17.4
ESO495-021,129.0633333,-26.40944444,2.09,12.45,9,868,7.96,5.31,45,-17.6
LV J1000+5022,150.10625,50.37916667,0.58,17.1,14.7,538,7.97,1.34,46,-12.5
NGC3274,158.07125,27.66861111,2.4,13.21,10.74,541,7.98,5.53,63,-16.7
PGC013294,53.98666667,-45.19138889,0.62,16.13,13.73,744,7.98,1.43,41,-13.4
NGC5229,203.5120833,47.91527778,3.39,14.33,11.67,359,8,7.39,90,-15.6
UGCA361,203.1508333,49.83027778,0.98,16.7,12.57,,8,2.24,63,-12.9
KDG229,208.4233333,60.05111111,0.85,16.5,14.1,,8,1.96,65,-13.1
DDO153,193.4895833,-12.10861111,2.54,14.59,12.03,821,8,5.93,90,-15.2
KKR08,214.8116667,3.123888889,0.56,18,13.76,,8,1.35,41,-11.7
NGC4204,183.81,20.65861111,4.47,12.9,10,861,8,10.65,36,-16.8
NGC1800,76.60708333,-31.95416667,2,13.13,10.21,814,8,4.59,67,-16.5
MRK0036,166.24375,29.13944444,0.68,15.61,14,646,8.02,1.59,58,-14
LV J1328+4937,202.13,49.62722222,0.45,17.3,14.91,395,8.02,1.03,67,-12.3
DDO194,218.8525,57.25666667,2.14,14.52,11.87,218,8.02,4.83,71,-15.1
KK65,115.63,16.56111111,1.12,15.34,12.53,281,8.02,2.64,66,-14.3
KUG 1218+387,185.22875,38.43027778,1.17,15.4,12.98,570,8.03,2.76,51,-14.2
NGC4288,185.15875,46.29166667,2.34,13.3,11.3,533,8.05,5.49,45,-16.4
DDO047,115.4791667,16.80055556,4.68,13.62,11,270,8.05,11.22,32,-16.1
KKH82,198.2445833,41.78666667,1.15,16.4,14,529,8.06,2.7,42,-13.2
KUG 1033+366B,159.0733333,36.42527778,0.6,17,14.58,620,8.1,1.4,69,-12.6
VCC1822,190.0433333,6.846944444,0.83,16.4,13.97,1008,8.1,1.95,69,-13.2
NGC4559,188.9904167,27.95972222,10.96,10.28,7.58,814,8.1,25.37,68,-19.8
DDO131,187.9941667,29.70972222,1.15,15.28,12.86,643,8.1,2.72,46,-14.3
NGC3037,147.85,-27.01111111,1.29,13.64,11.12,887,8.1,3.28,30,-16.3
NGC5398,210.3425,-33.06444444,3.55,12.78,10.34,1220,8.1,8.65,60,-17.1
DDO084,160.6745833,34.44888889,4.47,13.73,11.17,630,8.11,10.64,43,-15.9
KDG155,188.2833333,-0.533055556,1.2,16.4,13.96,750,8.11,2.86,48,-13.2
KUG 0821+321,126.2708333,32.0175,0.68,16.8,14.27,642,8.15,1.65,59,-13
VCC0114,183.6466667,5.677222222,0.6,16.16,13.75,2067,8.2,1.42,70,-13.5
KDG177,189.99375,13.78138889,0.89,16.36,13.88,1005,8.2,2.13,71,-13.4
AM0106-382,17.09166667,-38.20916667,0.72,16.26,13.86,645,8.2,1.71,66,-13.4
KK133,184.8866667,43.38638889,0.47,17.7,15.3,561,8.23,1.12,54,-11.9
UGC04998,141.3004167,68.38305556,1.78,15,11.11,632,8.24,4.41,60,-14.9
UGC05186,145.7491667,33.26444444,1.38,16.27,13.87,546,8.3,3.18,90,-13.4
ESO373-007,143.1891667,-33.24555556,1.29,16.4,13.52,862,8.3,3.44,68,-13.8
ESO104-044,287.84625,-64.21916667,1.78,14.96,12.46,750,8.3,4.37,58,-14.8
[KK2000] 70,286.7454167,-63.96583333,0.55,17.7,15.17,,8.3,1.37,39,-12.1
NGC6744,287.44125,-63.85777778,21.38,9.14,5.94,841,8.3,52.75,51,-21
[KK2000] 71,287.1833333,-63.73138889,1.82,15.1,12.58,,8.3,4.41,90,-14.7
[KK2000] 72,288.0954167,-63.85611111,0.55,17.9,15.39,,8.3,1.36,47,-11.9
UGC08882,209.3108333,54.10083333,1.07,15.77,13.72,348,8.32,2.58,49,-13.9
ApplesI,348.76375,-42.53944444,0.1,21.4,17.25,674,8.32,0.24,54,-8.3
CGCG 217-018,198.2158333,40.54305556,1,14.93,12.59,555,8.33,2.42,55,-14.7
NGC5194,202.4695833,47.23444444,15.85,8.61,5.5,446,8.4,39.25,53,-21.4
ESO558-011,106.7366667,-22.04055556,1.82,14.43,10.2,731,8.4,6.2,57,-17
WHI B0619-07,95.5575,-7.837777778,1.74,14.63,9.51,759,8.4,7.17,59,-17.8
NGC4455,187.18375,22.8225,3.24,12.93,10.55,644,8.4,7.67,76,-16.9
UGC12894,0.09375,39.49555556,1.02,16.8,14.02,335,8.47,2.78,33,-13.3
BTS146,190.00875,38.00055556,0.34,17.5,15.08,446,8.5,0.83,67,-12.2
UGC07827,189.9120833,44.82083333,1.25,15.96,13.54,553,8.5,3.08,64,-13.8
UGCA127sat,95.22833333,-8.650277778,0.69,16.9,11.32,,8.5,3.51,90,-16.3
UGCA127,95.23208333,-8.495555556,5.25,14.1,8.31,732,8.5,27,77,-20
ESO572-034,179.7420833,-19.03,1.32,14.27,11.5,1114,8.5,3.29,71,-15.6
VCC1725,189.4216667,8.559166667,1.17,14.89,11.74,1076,8.5,2.9,68,-14.9
UGC03817,110.6854167,45.10833333,1.74,15.96,11.89,437,8.55,4.62,72,-14.1
AGC122226,41.66208333,27.72638889,0.85,17.08,14.25,472,8.56,2.32,67,-13.1
LSBC D564-08,135.725,20.07527778,0.72,17.9,15.44,483,8.67,1.85,51,-11.9
MCG-02-33-075,194.6179167,-10.57694444,2.96,14.7,11.8,1267,8.7,7.62,64,-15.2
NGC6684,282.24125,-65.17333333,3.98,11.31,7.05,866,8.7,10.45,55,-18.7
UGC05423,151.3775,70.36444444,1.07,14.42,11.99,348,8.71,2.88,55,-15.6
UGC7257,183.7625,35.95861111,1.35,14.36,12.25,956,8.8,3.44,52,-15.5
NGC1291,49.3275,-41.10805556,14.45,9.42,5.66,838,8.8,37.35,25,-20.4
ESO300-016,47.54375,-40.00305556,1.45,15.57,13.15,710,8.8,3.72,50,-14.2
AM2220-460,335.9291667,-45.88222222,0.89,16.37,13.97,843,8.8,2.3,27,-13.4
IC5201,335.2391667,-46.03416667,8.71,11.3,8,915,8.8,21.85,64,-18.8
BTS157,192.8054167,47.07083333,0.52,17.5,15.01,572,8.83,1.38,39,-12.4
NGC2903,143.04,21.50055556,12.59,9.53,6.04,556,8.87,32.45,64,-20.9
KDG056,142.55375,19.99166667,0.68,17.02,14.5,561,8.9,1.81,41,-12.9
UGC05086,143.20375,21.465,0.98,16.36,12.13,491,8.9,2.63,31,-13.5
NGC2903-HI-1,142.66625,21.72361111,0.27,18.2,15.73,582,8.9,0.71,47,-11.7
DDO182,205.6358333,39.65833333,1.32,15.69,13.3,663,8.9,3.4,48,-14.1
KK193,198.88,41.50138889,0.56,18.7,16.29,,8.9,1.47,27,-11.1
KK149,187.2179167,42.17777778,0.93,15.01,12.56,407,8.9,2.43,59,-14.9
DDO129,187.1841667,43.22416667,2.82,13.67,11.01,538,8.9,7.37,27,-16.2
UGC07950,191.735,51.61305556,1.38,14.6,12.12,508,8.9,3.58,48,-15.2
GR34,185.5316667,15.79916667,0.93,15.95,13.5,1298,8.9,2.45,39,-13.9
NGC5055,198.9554167,42.02916667,16.22,9.32,5.61,500,8.99,42.22,58,-21
KDG078,172.475,52.40388889,0.74,16.7,14.29,575,9,1.94,51,-13.1
KKH73,177.5266667,55.78333333,0.69,17.3,14.91,594,9,1.82,22,-12.5
[CKT2009]d1009+70,152.3954167,70.54861111,0.72,18,13.36,,9,2.15,35,-12.4
DDO148,192.1795833,-5.253888889,2.34,13.7,10.99,1337,9,6.22,43,-16.2
KDG098,184.6225,28.64583333,0.76,16.5,12.31,,9,2.02,24,-13.4
Centaurus A-dE5,217.5208333,-33.47916667,0.52,18.43,15.78,,9,1.44,64,-11.7
DDO013,25.04,15.90472222,4.57,14.37,11.76,631,9.04,12.64,44,-15.7
LSBC D565-06,139.8725,21.60333333,0.6,17.3,14.79,498,9.08,1.64,34,-12.7
DDO143,191.1045833,34.38638889,2.24,16,13.58,607,9.1,5.79,90,-13.9
KKSG30,189.3995833,-8.867222222,0.87,16.3,13.82,1105,9.1,2.31,72,-13.6
IC3077,183.9845833,14.43305556,1.78,15.01,12.69,1406,9.1,4.77,58,-14.9
NGC1592,67.42,-27.40861111,1.41,14.45,12.66,945,9.1,3.75,75,-15.5
AGC731457,157.9825,28.02583333,0.38,16.8,14.34,454,9.2,1.03,58,-13.1
VV747,164.4458333,36.26083333,1.1,15.5,13.07,619,9.2,2.92,66,-14.4
HS1053+3624,164.1683333,36.14111111,0.5,17.76,15.34,572,9.2,1.32,74,-12.1
LV J1052+3628,163.0229167,36.47666667,0.44,17.9,15.5,476,9.2,1.18,53,-12
UGC05983,163.0729167,36.59333333,1.1,16,13.6,765,9.2,2.91,61,-13.9
NGC3432,163.1295833,36.61888889,5.37,11.67,9.06,611,9.2,13.7,80,-19
LV J1052+3639,163.17,36.665,1.68,15.8,13.4,511,9.2,4.38,90,-14.1
MRK0475,219.7725,36.80611111,0.45,16.41,14.01,583,9.2,1.19,47,-13.5
UGC7719,188.5025,39.01944444,2.14,15.25,12.59,679,9.2,5.53,75,-14.6
UGC07320,184.36875,44.81138889,1.2,15.4,13,541,9.2,3.15,81,-14.5
NGC0045,3.51625,-23.18222222,8.51,11.55,9.09,465,9.2,22.88,47,-18.5
UGC07584,187.0120833,22.58944444,0.91,16.19,13.75,603,9.2,2.43,72,-13.7
KK167,192.935,26.11055556,0.85,16.39,14,1248,9.2,2.27,50,-13.5
AGC749241,190.0070833,26.32194444,0.34,18.3,15.9,451,9.2,0.91,37,-11.6
NGC0925,36.81666667,33.57805556,11.75,10.58,7.87,553,9.29,33.32,57,-19.9
NGC1637,70.3675,-2.858055556,4.37,11.47,7.98,713,9.29,12.12,39,-18.7
DDO025,38.32583333,33.49111111,2.57,13.96,10.98,604,9.3,7.57,23,-16.3
d0226+3325,36.72,33.42694444,1.66,17.5,14.86,520,9.3,4.8,26,-12.7
Halogas,36.83333333,33.95833333,0.43,18,15.35,528,9.3,1.23,47,-12.2
DDO019,36.25083333,36.03777778,2.14,15.8,13.14,577,9.3,6.1,46,-14.4
DDO022,38.225,38.68055556,1.74,15.65,13.11,570,9.3,4.69,90,-14.4
UGC02172,40.545,43.35527778,1.41,14.6,12.37,565,9.3,4.13,61,-15.7
KKSG33,190.0370833,-12.36472222,0.5,18.5,14.22,,9.3,1.44,10,-11.5
KKSG34,190.32875,-11.9275,0.69,18,13.69,,9.3,1.99,34,-12.1
KKSG32,189.9791667,-11.74666667,0.6,18.5,14.21,,9.3,1.72,41,-11.6
SUCD1,190.0129167,-11.66777778,0.1,18.4,14.7,1305,9.3,0.27,18,-11.5
NGC4594,189.99625,-11.62305556,11.75,8.98,4.96,1090,9.3,32.46,66,-21.8
KKSG31,189.6404167,-10.49027778,0.79,17.7,13.48,,9.3,2.22,34,-12.3
IC0559,146.1829167,9.615277778,1.32,14.98,12.52,541,9.4,3.66,48,-15
UGC07983,192.4458333,3.842222222,0.81,16.2,13.69,694,9.4,2.28,54,-13.9
VCC0169,183.9841667,9.649166667,0.85,16.67,14.25,2219,9.4,2.33,54,-13.3
KDG104,185.36625,15.02444444,0.81,16.88,14.4,1861,9.4,2.25,55,-13.1
LSBC D634-03,137.2229167,14.58194444,0.47,17.5,15,335,9.55,1.34,32,-12.6
NGC4460,187.1908333,44.86444444,4.27,12.26,9.06,499,9.59,11.54,90,-17.7
UGC00064,1.933333333,40.87555556,1.66,15.5,12.84,305,9.6,4.87,66,-14.8
CGCG 014-054,187.7658333,1.675833333,1.27,15.6,13.18,1105,9.6,3.53,64,-14.4
VCC0565,185.6604167,6.014444444,0.58,15.86,13.42,871,9.6,1.61,62,-14.2
NGC3115,151.3083333,-7.718611111,8.51,9.87,5.88,681,9.68,24.04,90,-20.8
DDO217,352.4945833,40.99027778,5.25,12.84,9.6,424,9.7,16.8,35,-17.8
NGC4517,188.1895833,0.115,12.02,11.09,7.33,1134,9.7,31.95,90,-20.2
NGC4765,193.31,4.463055556,1.86,13.37,10.82,722,9.7,5.39,49,-16.8
KKSG16,149.9479167,-9.343333333,0.87,18,13.62,,9.7,2.67,48,-12.2
KKSG18,151.4233333,-7.981388889,1.51,13.61,10.05,698,9.7,4.45,41,-16.6
KDG065,151.3933333,-7.749166667,1.07,16.36,12.23,721,9.7,3.01,59,-13.6
KKSG17,150.41,-8.248888889,1.66,15.41,12.82,446,9.7,4.65,90,-14.8
MCG -01-26-009,150.39,-6.525,1.12,16.1,13.61,748,9.7,3.24,44,-14
UGCA193,150.6508333,-6.011944444,4.27,14.67,12,663,9.7,11.23,90,-15.8
KKSG15,148.79375,-6.27,1.29,15.14,12.63,791,9.7,3.56,90,-15
UGC7427,185.4791667,35.05138889,1.07,15.9,13.5,726,9.7,3,61,-14.1
NGC0855,33.51541667,27.87722222,3.09,13.3,9.83,591,9.73,8.91,85,-17
NGC0891,35.63666667,42.34666667,13.18,10.71,5.94,526,9.77,37.89,82,-20.5
DDO024,38.42916667,40.52805556,2.62,13.68,10.86,581,9.8,7.8,36,-16.5
DDO068,149.1904167,28.825,2,14.77,12.82,503,9.8,5.56,90,-15.3
NGC4534,188.5229167,35.51833333,3.02,13.2,11.21,802,9.8,8.56,49,-16.9
IC3591,189.2625,6.926666667,1.29,14.39,11.6,1632,9.8,3.68,62,-15.7
VCC2033,191.51875,8.476388889,0.55,15.3,12.45,1485,9.8,1.59,27,-14.8
ESO300-014,47.4075,-41.03055556,7.08,13.06,10,955,9.8,19.96,60,-17.1
KK73,138.1220833,-24.24111111,0.62,16.35,10.62,,9.8,2.22,68,-14.5
NGC2784 dw01,138.0770833,-24.21111111,0.89,17.27,12.36,,9.8,3.29,33,-13.6
KK72,137.92625,-23.98222222,0.45,18,13.17,,9.8,1.6,41,-12.8
KK71,137.2954167,-23.36777778,0.4,17.7,12.9,,9.8,1.41,48,-13
DDO056,137.4441667,-23.00916667,1.29,15.63,12.6,724,9.8,4.23,52,-15.1
IC4951,302.3825,-61.85055556,3.24,13.97,10.98,814,9.8,8.94,83,-16.4
NGC2784,138.0808333,-24.17166667,5.5,11.24,6.33,687,9.82,19.27,90,-19.7
DDO092,168.35875,53.595,1.38,15.6,13.2,928,9.9,3.98,44,-14.4
NGC3556,167.8791667,55.67388889,5.01,10.69,7.04,696,9.9,13.86,80,-20.2
NGC0024,2.485,-24.96333333,7.24,12.38,8.96,550,9.9,19.98,85,-18.3
ESO473-024,7.84375,-22.76583333,1.55,16.38,13.96,530,9.9,4.44,63,-13.7
IC2171,101.11375,-17.9325,1.91,15.17,10.81,789,9.9,7.59,81,-16.7
UGCA294,191.15875,28.4725,1.1,14.82,12.41,955,9.9,3.13,65,-15.2
ESO273-014,224.62625,-47.69861111,3.8,12.9,9.79,1050,9.9,14.39,44,-18.6
KKH65,162.99625,28.3625,0.58,17.4,13.23,,10,1.7,35,-12.7
KK227,209.0420833,40.30333333,0.71,17.5,13.36,,10,2.06,42,-12.5
BTS142,188.2808333,38.11611111,0.33,18.44,16.04,719,10,0.97,13,-11.6
KK194,199.33125,44.39666667,0.63,17.6,15.19,,10,1.82,64,-12.5
NGC2283,101.4695833,-18.21027778,3.63,12.93,8.83,841,10,14.96,41,-18.9
KKSG9,101.7370833,-17.94138889,0.5,16.4,11.66,693,10,2.17,52,-15.7
NGC1744,74.9925,-26.02666667,6.92,11.71,9.78,741,10,20.41,58,-18.8
ESO486-021,75.83208333,-25.42305556,1.51,14.37,11.43,831,10,4.49,46,-15.8
LV J1235-1104,188.9141667,-11.06722222,0.43,15.7,13.18,1110,10,1.29,29,-14.5
KDG058,145.1125,0.0425,0.66,17.2,14.62,,10,2.01,44,-13.1
KKH67,170.7645833,21.32694444,0.71,18.4,14.21,,10,2.1,42,-11.7
NGC3351,160.9904167,11.70361111,7.24,10.58,6.67,777,10.05,21.39,49,-19.8
NGC4597,190.05375,-5.799166667,5.56,12.58,11.68,1039,10.1,16.22,64,-17.8
NGC4509,188.2783333,32.09166667,0.91,14.1,11.5,934,10.1,2.68,46,-16
NGC7462,345.6966667,-40.835,5.5,12.53,9.65,1057,10.1,15.2,90,-18.2
DDO052,127.11875,41.85666667,1.74,15.27,12.37,396,10.28,5.23,72,-15
NGC3627,170.0625,12.99138889,10.23,9.65,5.88,716,10.28,30.58,66,-21.1
NGC3990,179.3983333,55.45861111,1.69,13.43,9.55,696,10.3,5.02,65,-16.7
IC2684,169.2541667,13.09972222,0.81,16.15,13.69,588,10.3,2.47,47,-14
IC2791,170.9066667,12.89583333,0.58,16.9,14.45,666,10.3,1.74,54,-13.3
AGC213436,170.6,12.97944444,0.52,16.7,12.5,626,10.3,1.61,13,-13.5
IC2787,170.8295833,13.62972222,1.07,15.7,13.23,708,10.3,3.29,24,-14.5
HIPASS J0916-23b,139.2416667,-23.27972222,0.66,15.84,13.06,837,10.3,2.11,90,-14.7
NGC2835,139.4704167,-22.35527778,8.91,11.01,7.92,885,10.3,28.9,49,-19.7
AGC198508,140.7375,24.94666667,0.38,17.8,15.3,519,10.4,1.16,65,-12.5
KKSG38,193.3816667,-5.927777778,0.87,17,14.51,1071,10.4,2.64,78,-13.2
UGC06014,163.4279167,9.728055556,1.2,15,12.49,1133,10.4,3.67,65,-15.3
CGCG 066-109,166.1104167,11.755,1.05,16.2,13.8,777,10.4,3.05,90,-14
LeG03,158.9533333,8.479722222,0.95,17.3,14.6,1158,10.4,2.79,79,-12.9
AGC200499,159.5333333,10.38083333,0.85,14.4,11.56,1175,10.4,2.62,44,-15.9
LeG28,163.2529167,10.37916667,0.68,18.3,15.85,,10.4,2.04,72,-11.9
LeG22,162.4045833,11.35166667,0.56,18,15.53,,10.4,1.72,56,-12.2
AGC202456,163.08125,11.04333333,0.72,16.2,12.01,824,10.4,2.23,30,-14
LSBC D640-14,164.54375,11.99916667,0.48,18.5,14.34,,10.4,1.45,59,-11.7
LSBC D640-13,164.0583333,12.01027778,0.58,16.9,14.48,989,10.4,1.73,65,-13.3
LSBC D640-12,163.9879167,12.33888889,0.45,18.4,15.98,847,10.4,1.34,72,-11.8
LeG16,161.625,11.75583333,0.29,19,14.8,,10.4,0.9,13,-11.2
KK96,162.6129167,12.36083333,0.6,18.3,14.1,,10.4,1.87,45,-11.9
LeG12,161.0325,11.53305556,0.22,18.5,16.03,,10.4,0.67,41,-11.7
LeG13,161.24,11.91611111,0.42,17.43,14.99,871,10.4,1.25,81,-12.8
LeG09,160.6441667,12.15055556,0.71,18.5,14.3,,10.4,2.19,39,-11.7
LeG10,160.9808333,12.13527778,0.16,19.2,16.75,,10.4,0.49,20,-11
LeG17,161.6729167,12.32638889,0.58,16.98,12.79,1030,10.4,1.76,44,-13.2
LeG18,161.7220833,12.74444444,0.28,18.9,16.46,636,10.4,0.86,47,-11.3
LeG19,161.7283333,12.78805556,0.37,17.8,13.61,,10.4,1.13,52,-12.4
LeG21,161.7533333,12.95972222,0.25,18.6,16.13,843,10.4,0.77,47,-11.6
LeG14,161.56,12.96,0.36,18.7,14.51,,10.4,1.13,34,-11.5
KK94,161.73875,12.99833333,0.58,17.5,15.03,832,10.4,1.78,35,-12.7
LeG26,162.8379167,12.84916667,0.69,16.9,12.71,630,10.4,2.14,31,-13.3
NGC3412,162.7220833,13.41222222,3.98,11.44,7.67,846,10.4,12.09,66,-18.8
LeG23,162.5379167,13.48361111,0.18,19.1,16.62,,10.4,0.55,20,-11.1
AGC205540,162.8808333,14.11472222,0.32,18,15.52,832,10.4,0.97,60,-12.2
AGC202248,158.73375,11.49222222,0.37,17.5,15.08,1177,10.4,1.13,48,-12.7
NGC3299,159.0991667,12.7075,2.4,13.3,10.97,604,10.4,7.35,40,-17
FS04,160.50125,12.335,1,15.7,13,772,10.4,3,64,-14.5
UGC05812,160.2358333,12.47194444,1.48,15.5,12.81,1008,10.4,4.41,68,-14.7
LeG05,159.9304167,12.63444444,0.6,16.77,14.32,780,10.4,1.82,69,-13.4
LeG04,159.9175,12.735,0.52,18.7,16.24,,10.4,1.58,72,-11.5
AGC205268,160.7183333,13.74111111,0.38,17.4,14.93,1145,10.4,1.15,64,-12.8
LeG06,159.9820833,13.90777778,0.63,18.3,15.81,1007,10.4,1.94,57,-11.9
AGC205445,161.1470833,13.93972222,0.6,16.4,12.17,633,10.4,1.87,37,-13.8
KK93,161.6033333,14.025,0.58,18,13.78,,10.4,1.8,24,-12.2
AGC205165,159.27,15.3375,0.72,16.4,13.9,724,10.4,2.24,48,-13.9
LeG11,161.00875,15.58888889,0.35,18.8,16.32,,10.4,1.08,29,-11.4
AGC205278,164.7170833,14.12944444,0.54,17.3,14.88,686,10.4,1.63,54,-12.9
LSBC D640-08,165.2170833,13.88083333,0.81,16.96,12.8,,10.4,2.46,75,-13.2
LeG33,165.1883333,14.17222222,0.35,18.6,16.18,,10.4,1.04,67,-11.6
LeG27,163.08375,14.70722222,0.37,18.6,14.42,,10.4,1.13,57,-11.6
AGC205544,163.02,15.03055556,0.45,17.1,12.92,828,10.4,1.37,41,-13.1
NGC3368,161.6908333,11.81972222,8.91,10.11,6.32,893,10.42,27.25,49,-20.4
AGC215354,169.81625,14.29027778,0.5,17.4,14.96,790,10.42,1.52,62,-12.8
AGC205156,157.7204167,12.44666667,0.16,18.6,16.13,915,10.43,0.49,20,-11.6
DDO123,186.53375,58.3225,2.78,14.5,11.85,722,10.5,8.5,38,-15.7
KDG235,255.1054167,70.29,1.29,16.8,14.31,443,10.6,4.07,40,-13.5
UGC07512,186.4220833,2.158888889,1.45,15.2,12.78,1506,10.6,4.42,70,-15
UGC06145,166.3958333,-1.863611111,1.38,16.45,13.88,753,10.7,4.42,66,-13.9
KKSG22,166.5320833,-1.448611111,0.5,18.2,15.67,,10.7,1.61,41,-12.2
NGC3521,166.4525,-0.035833333,10.96,9.83,5.78,797,10.7,34.92,66,-21.2
KKSG20,166.1691667,0.058333333,0.52,17.51,15.01,835,10.7,1.68,41,-12.8
NGC3521sat,166.4195833,0.120833333,2.51,16.2,11.9,,10.7,8.13,45,-14.2
CGMW1-260,99.50041667,-15.02277778,3.16,13.7,10,746,10.8,13.13,65,-18.3
NGC3593,168.6495833,12.81861111,5.89,11.85,7.42,631,10.8,18.2,73,-18.9
DDO083,159.1804167,31.54666667,2.04,15.41,13.41,582,10.9,6.36,90,-14.9
NGC3377,161.9266667,13.98555556,5.25,11.24,7.44,678,10.91,16.95,68,-19.1
UGCA298,191.7308333,26.56416667,0.89,15.25,12.43,844,11,2.86,44,-15
AGC202256,168.6875,12.6475,0.4,16.7,14.28,630,11,1.27,61,-13.6
UGC05944,162.5795833,13.27194444,1.12,15.6,12,1073,11.07,3.71,16,-14.8
LV J1018+4109,154.5925,41.16583333,0.38,18.4,14.25,,11.1,1.24,34,-11.9
NGC3184,154.5708333,41.42444444,7.41,10.36,7.23,592,11.12,24.27,22,-20
KUG 1013+414,154.065,41.16638889,1.13,15.4,12.73,518,11.12,3.58,68,-14.9
NGC3379,161.9566667,12.58166667,5.37,10.24,6.27,923,11.12,17.86,33,-20.1
UGC07690,188.1120833,42.70416667,2.09,13.13,11.4,536,11.2,6.94,38,-17.3
NGC3384,162.0704167,12.62916667,5.5,10.85,6.75,704,11.38,18.09,80,-19.6
UGC05672,157.0870833,22.57138889,3.09,14.65,11.55,531,11.4,9.95,76,-15.7
ESO348-009,357.3475,-37.77361111,2.29,14.81,12.41,647,11.5,7.45,90,-15.6
MAPS1236+33,189.2058333,33.61333333,0.56,16.9,14.49,526,11.7,1.88,83,-13.5
NGC3413,162.83625,32.76638889,2.22,13.23,10.36,634,12.02,7.72,60,-17.5
NGC3489,165.0775,13.90111111,3.8,11.12,7.37,695,12.08,13.26,60,-19.5
IC2233,123.4954167,45.74222222,4.9,13.07,10.76,557,12.2,16.69,90,-18.3
NGC2537,123.31125,45.99055556,2.57,12.27,9.13,449,12.2,9.54,29,-18.4
UGC12713,354.5604167,30.70916667,1.78,14.81,11.5,295,12.2,6.49,63,-16
NGC2541,123.6670833,49.06166667,7.08,12.26,10.09,559,12.4,26.11,59,-18.7
NGC2552,124.8354167,50.00972222,3.72,12.69,10,524,12.4,13.83,43,-18.1
NGC2500,120.4716667,50.73722222,3.31,12.23,9.28,514,12.4,12.31,33,-18.5
LV J0812+4836,123.1645833,48.6125,0.52,17.1,14.55,521,12.42,1.88,90,-13.6
IC2992,181.31625,30.85555556,0.83,15.02,12.44,599,12.7,3.11,38,-15.6
IC3308,186.3245833,26.71472222,1.55,15.41,12.51,316,12.8,5.58,77,-15.5
UGC07267,183.8483333,51.35,2.09,14.79,11.94,473,12.9,7.67,73,-16
CGCG 035-007,143.6870833,6.425555556,1.07,15.22,12.68,552,13,4.14,59,-15.6
AGC731448,155.9375,27.11083333,0.48,16.6,14.14,540,13.5,1.9,56,-14.2
DDO097,177.2383333,23.83777778,1.58,15.14,12.65,522,13.74,6.48,27,-15.7
NGC4150,182.64,30.40166667,2.19,12.49,8.99,226,13.74,8.77,53,-18.3
IC3341,186.5975,27.74555556,0.68,16.4,13.98,372,14,2.74,66,-14.4
NGC4308,185.4870833,30.07416667,0.85,14.11,10.62,642,14,3.53,20,-16.7
UGC07699,188.2,37.62166667,3.98,13.3,11.15,495,14.5,16.11,77,-18
AGC191803,147.0245833,7.129166667,0.72,16.5,14.05,535,14.9,3.12,63,-14.5
RKK1610,146.3533333,-48.14138889,0.93,16.9,12.63,882,14.9,6.25,54,-16.1
NGC4080,181.2158333,26.9925,1.58,13.7,10.79,565,15,6.85,65,-17.5
UGC04704,134.75125,39.21,4.37,15,11.91,599,15.2,18.17,90,-16.4
UGC08030,193.6225,26.305,1.23,16.6,14.21,628,15.3,5.4,66,-14.4
ESO499-038,150.9591667,-26.61277778,0.83,15.68,13.06,885,15.3,3.86,67,-15.5
LV J0954+3620,148.7108333,36.33388889,0.34,17.93,15.54,503,15.4,1.51,55,-13.1
UGC03501,99.66,49.25833333,1.12,16.7,13.89,451,15.5,5.42,90,-14.8
LV J0737+4724,114.36875,47.40916667,0.42,18.06,15.28,404,15.7,2.03,90,-13.4
NGC3104,150.9891667,40.75694444,3.55,13.97,11.24,603,16,16.35,57,-17.2
UGC06881,178.68625,20.05555556,1.62,15.9,13.41,601,16.4,7.7,90,-15.3
KDG082,178.9141667,31.51944444,1.91,14.84,12.09,590,16.6,9.22,51,-16.4
IC 779,184.91125,29.88333333,1.32,15.22,11.79,213,16.67,6.47,34,-16
UGC07131,182.2991667,30.90666667,1.62,16.8,13.95,253,16.8,7.71,75,-14.6
UGC7321,184.3916667,22.54027778,6.76,14.09,10.67,403,17.2,31.02,90,-18.4
KK127,183.3445833,29.92166667,1.38,15.6,13.99,131,17.3,6.8,70,-15.7
ESO495-008,125.2529167,-23.78138889,0.69,16.06,13.21,789,17.3,3.68,90,-15.7
AGC229053,184.5645833,25.56833333,0.49,17.9,15.44,425,17.9,2.54,75,-13.5
KKH58,151.8445833,38.96972222,1.26,15.61,12.94,587,18.4,6.63,62,-15.8
UGC07271,183.8891667,43.43416667,2.4,14.9,13.16,546,18.6,12.59,72,-16.6
DDO062,140.3645833,-22.50055556,2.51,14.8,11.72,846,18.6,13.67,79,-17.1
ESO497-004,135.7629167,-23.80833333,1.12,16.36,12.79,806,19,7.28,79,-16.1
IC2038,62.22541667,-55.99222222,2.09,14.98,12,712,19.2,11.14,79,-16.5
KKH38,101.97875,47.51388889,1.38,17.4,14.68,451,19.3,8.24,68,-14.4
NGC1533,62.46583333,-56.11833333,3.55,11.79,7.63,785,19.4,20.17,37,-19.9
AGC749236,186.4266667,26.81,0.62,17.3,14.86,273,19.5,3.48,71,-14.3
UGC05047,142.2066667,51.56055556,1.62,16,13,502,19.68,8.93,76,-15.6
LV J0926+3343,141.5391667,33.71777778,0.85,17.8,15.13,540,19.7,4.69,79,-13.8
KISSB023,145.0529167,29.59138889,0.83,16.32,13.9,544,19.8,4.67,90,-15.2
UGC03475,97.62,39.50388889,2.09,15.2,12.52,487,20,14.07,57,-17.3
UGC04787,136.8954167,33.27666667,2.45,14.6,11.69,553,20.3,14.08,76,-17.3
UGC07990,192.6133333,28.35277778,1.17,16.2,13.51,512,20.4,6.88,60,-15.4
UGC04932,139.8920833,51.10916667,1.86,15.17,13.15,549,20.6,10.82,73,-16.6
AGC208399,160.0445833,4.908888889,0.16,20,17.54,747,20.9,0.99,32,-11.7
AGC749315,157.2766667,26.91055556,0.11,19.1,16.66,645,21.5,0.7,34,-12.7
AGC198507,138.8575,25.41944444,0.2,18.6,16.12,502,21.7,1.29,47,-13.2
UGCA153,138.3004167,-19.40861111,2.24,15.4,12.36,766,21.9,15.17,54,-16.8
UGC05923,162.2816667,6.917222222,1.26,14.4,11.46,709,22.3,8.13,63,-17.7
UGC07774,189.09375,40.00527778,3.16,14.6,11.11,528,22.6,19.61,89,-17.9
KUG 1157+315,180.0675,31.225,0.83,15.05,12.88,617,23.2,5.55,62,-17
FGC1497,191.7525,32.65138889,1.07,16.8,14.13,519,23.4,6.88,84,-15.1
IC3247,185.8083333,28.89388889,2.34,15.25,12.12,569,24.4,15.84,86,-17.3
NGC1400,54.87833333,-18.68805556,3.47,11.92,7.81,569,24.5,26.71,36,-20.3
AGC208397,159.7420833,3.874166667,0.17,19.7,17.19,763,26.2,1.32,62,-12.6